id,text
1046693824742019100,"#indonesia #singapore #laos #myanmar #malaysia #southkorea #saudiarabia #northkorea #srilanka #portugal #puertorico #taiwan #turkey #cambodia 
Visit: https://t.co/p9S11ivig3
Call us on following :
Mobile: +91 9971173355
Email:- raajsurgical@gmail.com"
1046693851111534600,#autoblock #ICO #TheAutoBlockICO
1046693859315601400,Join #Video Content Producers and Digital #Marketing Heads at #Video #Marketing Strategies World 2018 in #Singapore this November  #digitalmarketing #socialmedia #onlinemarketing #internetmarketing  https://t.co/ZhgXmtYMo9
1046693914952908800,"RT @CoinFLB: CVDs kill 1 Australia every 12 minutes !!! Join Farasha against CVDs !
#FLB #FLBCOIN #AI #Cryptocurrency #Revolution #CVD #Sma‚Ä¶"
1046693934146019300,"RT @CoinFLB: CVDs kill 1 Australia every 12 minutes !!! Join Farasha against CVDs !
#FLB #FLBCOIN #AI #Cryptocurrency #Revolution #CVD #Sma‚Ä¶"
1046694005143203800,"RT @CoinFLB: CVDs kill 1 Australia every 12 minutes !!! Join Farasha against CVDs !
#FLB #FLBCOIN #AI #Cryptocurrency #Revolution #CVD #Sma‚Ä¶"
1046694064102363100,"RT @CoinFLB: CVDs kill 1 Australia every 12 minutes !!! Join Farasha against CVDs !
#FLB #FLBCOIN #AI #Cryptocurrency #Revolution #CVD #Sma‚Ä¶"
1046694082083401700,"RT @CoinFLB: CVDs kill 1 Australia every 12 minutes !!! Join Farasha against CVDs !
#FLB #FLBCOIN #AI #Cryptocurrency #Revolution #CVD #Sma‚Ä¶"
1046694092078440400,"RT @CoinFLB: CVDs kill 1 Australia every 12 minutes !!! Join Farasha against CVDs !
#FLB #FLBCOIN #AI #Cryptocurrency #Revolution #CVD #Sma‚Ä¶"
1046694152975528000,clgt
1046694167470997500,Ok
1046694177386508300,#autoblock #ICO #TheAutoBlockICO
1046694213243547600,"RT @CoinFLB: CVDs kill 1 Australia every 12 minutes !!! Join Farasha against CVDs !
#FLB #FLBCOIN #AI #Cryptocurrency #Revolution #CVD #Sma‚Ä¶"
1046694324476551200,Window on the Park | 1 For 1 Surf &amp; Turf Dinner - Read at https://t.co/XRJTOaOE6N #food #foodie #foodporn #singapore #blogger #foodblogger #buffet #coffee https://t.co/RNZFTHqYag
1046694430110097400,"RT @CoinFLB: CVDs kill 1 Australia every 12 minutes !!! Join Farasha against CVDs !
#FLB #FLBCOIN #AI #Cryptocurrency #Revolution #CVD #Sma‚Ä¶"
1046694445297463300,"When one mentions a lion, you think of a majestic brave creature but this country pussified the hell outta it and makes it the motto of this sad excuse of a country. #Singapore"
1046694445477838800,"Nice job, Great project"
1046694470140346400,"RT @CoinFLB: CVDs kill 1 Australia every 12 minutes !!! Join Farasha against CVDs !
#FLB #FLBCOIN #AI #Cryptocurrency #Revolution #CVD #Sma‚Ä¶"
1046694491049078800,"O 2020 Sulphur limits are coming up, IMH Marine Surveys can test your fuel oil. 
#asbestos #compliance #offshore #oil #gas #singapore #brazil #india #unitedkingdom #office #solas #hazardous #asbestos #ihmmarinesurveys #imo #2020 #sulphur https://t.co/i3ldWRzXOT"
1046694515149434900,"RT @CoinFLB: CVDs kill 1 Australia every 12 minutes !!! Join Farasha against CVDs !
#FLB #FLBCOIN #AI #Cryptocurrency #Revolution #CVD #Sma‚Ä¶"
1046694546774548500,"RT @CoinFLB: CVDs kill 1 Australia every 12 minutes !!! Join Farasha against CVDs !
#FLB #FLBCOIN #AI #Cryptocurrency #Revolution #CVD #Sma‚Ä¶"
1046694629901365200,RT @AnnTran_: Have a great weekend üí¶ #travel #gardensbythebay #singapore üá∏üá¨ https://t.co/0LCLxWee9c
1046694669881659400,"Applications will be open for Global Exchange Programs this month! 
You can spend one semester as an exchange student at one our partner universities in #Singapore &amp; enjoy thecountry! 
To learn more about : https://t.co/SuPxTvBOCA ,or kuapp@ku.edu.tr 
#globalexchange #studyabroad https://t.co/iu5DAdjkeH"
1046694695378866200,"RT @CoinFLB: CVDs kill 1 Australia every 12 minutes !!! Join Farasha against CVDs !
#FLB #FLBCOIN #AI #Cryptocurrency #Revolution #CVD #Sma‚Ä¶"
1046694768909008900,"RT @CoinFLB: CVDs kill 1 Australia every 12 minutes !!! Join Farasha against CVDs !
#FLB #FLBCOIN #AI #Cryptocurrency #Revolution #CVD #Sma‚Ä¶"
1046694828036087800,#CoinFlb
1046694850584825900,"RT @CoinFLB: CVDs kill 1 Australia every 12 minutes !!! Join Farasha against CVDs !
#FLB #FLBCOIN #AI #Cryptocurrency #Revolution #CVD #Sma‚Ä¶"
1046694866338570200,"Study in #Singapore | Admission for Jan-2019 Intake 

More Information Visit Us at 
@MyVisaHub1 | 165, Atlantis K-10 Tower C, Vadodara, Gujarat.

Talk to our expert counselor now : +91- 9979203355 |eMail : myvisahub@gmail.com https://t.co/nwgocLpl6N"
1046694942951841800,#autoblock #ICO #TheAutoBlockICO
1046694976820826100,and traveling yet again to this least unknown   ::  https://t.co/0CqwIrnyPe     #Yunnan #China #InstaChina #Travel #TravelBlogger #Singapore #Philippines
1046695007753842700,"RT @CoinFLB: CVDs kill 1 Australia every 12 minutes !!! Join Farasha against CVDs !
#FLB #FLBCOIN #AI #Cryptocurrency #Revolution #CVD #Sma‚Ä¶"
1046695017824186400,"Five Indian naval vessels berth in #Singapore's Changi Naval Base after calling at Lumut, Malaysia. Among the five vessels is INS Sudarshini, a sail training ship."
1046695026917437400,"RT @CoinFLB: CVDs kill 1 Australia every 12 minutes !!! Join Farasha against CVDs !
#FLB #FLBCOIN #AI #Cryptocurrency #Revolution #CVD #Sma‚Ä¶"
1046695030016987100,"RT @CoinFLB: CVDs kill 1 Australia every 12 minutes !!! Join Farasha against CVDs !
#FLB #FLBCOIN #AI #Cryptocurrency #Revolution #CVD #Sma‚Ä¶"
1046695060077768700,RT @aibbio: AiBB is excited to be at the world's first VR-augmented conference (in person) https://t.co/nCwGCdzNPg
1046695080973586400,"RT @CoinFLB: CVDs kill 1 Australia every 12 minutes !!! Join Farasha against CVDs !
#FLB #FLBCOIN #AI #Cryptocurrency #Revolution #CVD #Sma‚Ä¶"
1046695195293691900,"RT @CoinFLB: CVDs kill 1 Australia every 12 minutes !!! Join Farasha against CVDs !
#FLB #FLBCOIN #AI #Cryptocurrency #Revolution #CVD #Sma‚Ä¶"
1046695247089213400,RT @AnnTran_: Crossing paths in every stage of life. ~ Ben Lau #travel #singapore #designs  @GardensbytheBay https://t.co/OvsVuAIhcY
1046695301442986000,"Just me and my multiple screens. Hello monitors, talk to me please! Introduce me to my fellow traders.
#chatq #traderslife #fact #trading #investing #trader #competition #competitive #investor #startup #fintech #singapore #japan #nikkei225 #finance #tradingskills #tradingstrategy https://t.co/O5pyXXxe6C"
1046695389137698800,"RT @CoinFLB: CVDs kill 1 Australia every 12 minutes !!! Join Farasha against CVDs !
#FLB #FLBCOIN #AI #Cryptocurrency #Revolution #CVD #Sma‚Ä¶"
1046695410473947100,"#Nanowires for sustainable renewable_energy discuss about such topics and many more along with us 
Avail the opportunity as #keynote_speaker, for #Symposiums, #Workshops @ #NanoMaterials_2019_Conference on #March 18-19, 2019 in #Singapore_City, #Singapore. https://t.co/M3rG8WvkZT"
1046695489461088300,"RT @CoinFLB: CVDs kill 1 Australia every 12 minutes !!! Join Farasha against CVDs !
#FLB #FLBCOIN #AI #Cryptocurrency #Revolution #CVD #Sma‚Ä¶"
1046695541768212500,"RT @ALB_S_FC: „Äê„ÉÅ„Éº„É†ÊÉÖÂ†±„Äë
RHB„Ç∑„É≥„Ç¨„Éù„Éº„É´„Ç´„ÉÉ„ÉóÊ∫ñÊ±∫Âãù Á¨¨2ÁØÄ 10Êúà3Êó•ÔºàÊ∞¥Ôºâvs „Éõ„Éº„É†„Éª„É¶„Éä„Ç§„ÉÜ„ÉÉ„ÉâFC
https://t.co/QOajCsxoB4

#albirex_s #albirex #albirexniigata #albirex_nii‚Ä¶"
1046695619497099300,"#Surgery 2019 invites you to attend the 3rd #International #Conference on #Surgery and #Anaesthesia, which will take place from March 22-23, 2019 in #Singapore.

For more details: https://t.co/8r49HR8Y80 https://t.co/WlxqvOdAXR"
1046695638900125700,"IMO 2020 Sulphur limits are coming up, IMH Marine Surveys can test your fuel oil. #asbestos #compliance #offshore #oil #gas #singapore #brazil #india #unitedkingdom #office #solas #hazardous #asbestos #ihmmarinesurveys #imo #2020  #sulphur https://t.co/59zJk4V1yH"
1046695671468777500,"RT @CoinFLB: CVDs kill 1 Australia every 12 minutes !!! Join Farasha against CVDs !
#FLB #FLBCOIN #AI #Cryptocurrency #Revolution #CVD #Sma‚Ä¶"
1046695803446800400,"Top story: @BrightsunIndia: '#AirAsia has an amazing sale on flights to #KualaLumpur, #Bangkok, #Singapore and #Auckland, prices starting from just Rs. 3,999. To secure this offer, call and speak to one of our helpful c‚Ä¶ https://t.co/2CJhe4iAht, see more https://t.co/KvLn5EwE35"
1046695814654021600,"RT @CoinFLB: CVDs kill 1 Australia every 12 minutes !!! Join Farasha against CVDs !
#FLB #FLBCOIN #AI #Cryptocurrency #Revolution #CVD #Sma‚Ä¶"
1046695839350116400,RT @aibbio: AiBB is excited to be at the world's first VR-augmented conference (in person) https://t.co/nCwGCdzNPg
1046695871612575700,"RT @CoinFLB: CVDs kill 1 Australia every 12 minutes !!! Join Farasha against CVDs !
#FLB #FLBCOIN #AI #Cryptocurrency #Revolution #CVD #Sma‚Ä¶"
1046695907339583500,"RT @TrendsSingapore: #kissesabscbnballfanfave is now trending in #Singapore

https://t.co/cMK01a9GSo https://t.co/on7dm2R42q"
1046695924481704000,"RT @TrendsSingapore: #playhouseblendedfamily is now trending in #Singapore

https://t.co/li13OsyBBI https://t.co/R26w0791Ac"
1046695926696271900,"RT @PromoteAddaind: Study in #Singapore | Admission for Jan-2019 Intake 

More Information Visit Us at 
@MyVisaHub1 | 165, Atlantis K-10 To‚Ä¶"
1046695940134854700,"Coming up tops üèÜ in üá∏üá¨ retail scene are #IONOrchard and #TampinesMall, which won ""Best Efforts in #CSR"" and ""Best #Shopping Centre in Advertising &amp; Promotions"" respectively at #Singapore Retailers Association #Retail #Awards 2018! Read: https://t.co/RapBSgS5us  üì∏@ damiwee https://t.co/zsI6I0jvnu"
1046695955578335200,"RT @CoinFLB: CVDs kill 1 Australia every 12 minutes !!! Join Farasha against CVDs !
#FLB #FLBCOIN #AI #Cryptocurrency #Revolution #CVD #Sma‚Ä¶"
1046695961093845000,"RT @CoinFLB: CVDs kill 1 Australia every 12 minutes !!! Join Farasha against CVDs !
#FLB #FLBCOIN #AI #Cryptocurrency #Revolution #CVD #Sma‚Ä¶"
1046696012100685800,this is very good project
1046696038289965000,"Arkratos offers complete set of #blockchain services using its world class blockchain lab facility in #Singapore . Click the link below to know more about us. https://t.co/D8bmiLx0QG 
@Arkratos_com https://t.co/vcO8a7BLSo"
1046696043809837000,A great project with a huge potential for token growth. I highly recommend to join #UbexAI https://t.co/FHOKA9PLdN
1046696050541482000,"RT @CoinFLB: CVDs kill 1 Australia every 12 minutes !!! Join Farasha against CVDs !
#FLB #FLBCOIN #AI #Cryptocurrency #Revolution #CVD #Sma‚Ä¶"
1046696071811010600,"IMO 2020 Sulphur limits are coming up, IHM Marine Surveys can test your fuel oil. #asbestos #compliance #offshore #oil #gas #singapore #brazil #india #unitedkingdom #office #solas #hazardous #asbestos #ihmmarinesurveys #imo #2020 #sulphur https://t.co/QmcAULcIvJ"
1046696092644069400,"RT @auvmpmad: @dloisga @expansioncom Dos de cal y Una de arena. Mira que decir que #Madrid no es el ""lugar adecuado"" para el #vmp #patinete‚Ä¶"
1046696119223242800,"RT @CoinFLB: CVDs kill 1 Australia every 12 minutes !!! Join Farasha against CVDs !
#FLB #FLBCOIN #AI #Cryptocurrency #Revolution #CVD #Sma‚Ä¶"
1046696131957153800,"RT @marissaedwin: [PLS HELP RT]
Letting go of a pair of 'SAM SMITH THRILL OF IT ALL' tickets at discounted price. 

2nd October 2018, Singa‚Ä¶"
1046696195253448700,Chinatown Singapore üá∏üá¨ #singapore #sonyalpha #photography @VisitSingapore https://t.co/OiFVvxGpUY
1046696224521424900,hi
1046696227310579700,"When you compare your life to someone else's life, you actually taking your eyes off of your journey. 

#instatravel #instamood #instagood #travelling #weekendgetaway #singapore #asean‚Ä¶ https://t.co/yGudnBTOi8"
1046696256515407900,"RT @SocialWiz: This #sculpture in #Singapore is incredible! ‚òîÔ∏è üòØ

Via @CultureTrip #art #imagination

https://t.co/GlI530MEWd"
1046696296520843300,ok
1046696325243437000,#Singapore Parliament Introduces Omnibus Bill to Consolidate Insolvency Framework. https://t.co/ZdzZtgzUNS https://t.co/QmKpiwF6Or
1046696337876701200,ok
1046696348051853300,great
1046696349956104200,Jetting Buy Mini HDMI Male to HDMI Female Converter Adapter - https://t.co/Vq2zpwJZhI #singapore only
1046696382227042300,hi
1046696427039182800,oh
1046696436107173900,"RT @CoinFLB: CVDs kill 1 Australia every 12 minutes !!! Join Farasha against CVDs !
#FLB #FLBCOIN #AI #Cryptocurrency #Revolution #CVD #Sma‚Ä¶"
1046696452834058200,Great job and project
1046696462002749400,"RT @TrendsSingapore: #kissesabscbnballfanfave is now trending in #Singapore

https://t.co/cMK01a9GSo https://t.co/on7dm2R42q"
1046696503031615500,"RT @ChatQOfficial: Just me and my multiple screens. Hello monitors, talk to me please! Introduce me to my fellow traders.
#chatq #tradersli‚Ä¶"
1046696584375754800,RT
1046696590965071900,"RT @CoinFLB: CVDs kill 1 Australia every 12 minutes !!! Join Farasha against CVDs !
#FLB #FLBCOIN #AI #Cryptocurrency #Revolution #CVD #Sma‚Ä¶"
1046696606790168600,"RT @CoinFLB: CVDs kill 1 Australia every 12 minutes !!! Join Farasha against CVDs !
#FLB #FLBCOIN #AI #Cryptocurrency #Revolution #CVD #Sma‚Ä¶"
1046696840035528700,RT @CrispianTanTS: Established @SAPNextGen @MapuaUniv 50 students and faculties tour @SAPLeoCenter #Singapore @SAP_APJ to learn innovation‚Ä¶
1046696849296543700,"RT @CoinFLB: CVDs kill 1 Australia every 12 minutes !!! Join Farasha against CVDs !
#FLB #FLBCOIN #AI #Cryptocurrency #Revolution #CVD #Sma‚Ä¶"
1046696853561987100,lol
1046696864786001900,Details of the gorgeously #renovated #rooms and #suites of the @FourSeasons #Singapore #LuxuryTravel #luxuryhotel @Gallivanters https://t.co/0Pvj5fiSOP
1046696873657028600,"RT @CoinFLB: CVDs kill 1 Australia every 12 minutes !!! Join Farasha against CVDs !
#FLB #FLBCOIN #AI #Cryptocurrency #Revolution #CVD #Sma‚Ä¶"
1046696970524405800,"New arrive ! 
Visit us @ https://t.co/DwN9rfGKfH
Shes on social visit, will be here for only 1 month
#singapore #sgmassage #singaporeescort https://t.co/psYBRSIWOa"
1046697069547835400,"RT @CoinFLB: CVDs kill 1 Australia every 12 minutes !!! Join Farasha against CVDs !
#FLB #FLBCOIN #AI #Cryptocurrency #Revolution #CVD #Sma‚Ä¶"
1046697147398144000,"RT @TrendsSingapore: #kissesabscbnballfanfave is now trending in #Singapore

https://t.co/cMK01a9GSo https://t.co/on7dm2R42q"
1046697152309682200,"RT @CoinFLB: CVDs kill 1 Australia every 12 minutes !!! Join Farasha against CVDs !
#FLB #FLBCOIN #AI #Cryptocurrency #Revolution #CVD #Sma‚Ä¶"
1046697362830188500,"RT @TrendsSingapore: #kissesabscbnballfanfave is now trending in #Singapore

https://t.co/cMK01a9GSo https://t.co/on7dm2R42q"
1046697437958680600,"RT @CoinFLB: CVDs kill 1 Australia every 12 minutes !!! Join Farasha against CVDs !
#FLB #FLBCOIN #AI #Cryptocurrency #Revolution #CVD #Sma‚Ä¶"
1046697509849100300,least unknown country in the world  ::  https://t.co/0AykoKeiZm     #Yunnan #China #InstaChina #Travel #TravelBlogger #Singapore #Philippines
1046697510427738100,"RT @CoinFLB: CVDs kill 1 Australia every 12 minutes !!! Join Farasha against CVDs !
#FLB #FLBCOIN #AI #Cryptocurrency #Revolution #CVD #Sma‚Ä¶"
1046697522163474400,"RT @CoinFLB: CVDs kill 1 Australia every 12 minutes !!! Join Farasha against CVDs !
#FLB #FLBCOIN #AI #Cryptocurrency #Revolution #CVD #Sma‚Ä¶"
1046697525095223300,"RT @CoinFLB: CVDs kill 1 Australia every 12 minutes !!! Join Farasha against CVDs !
#FLB #FLBCOIN #AI #Cryptocurrency #Revolution #CVD #Sma‚Ä¶"
1046697547031556100,"RT @CoinFLB: CVDs kill 1 Australia every 12 minutes !!! Join Farasha against CVDs !
#FLB #FLBCOIN #AI #Cryptocurrency #Revolution #CVD #Sma‚Ä¶"
1046697550495998000,"RT @CoinFLB: CVDs kill 1 Australia every 12 minutes !!! Join Farasha against CVDs !
#FLB #FLBCOIN #AI #Cryptocurrency #Revolution #CVD #Sma‚Ä¶"
1046697572818071600,"RT @CoinFLB: CVDs kill 1 Australia every 12 minutes !!! Join Farasha against CVDs !
#FLB #FLBCOIN #AI #Cryptocurrency #Revolution #CVD #Sma‚Ä¶"
1046697650333110300,#ITCompany in #Singapore #Offshoring and #Outsourcing - Advantages https://t.co/g5CUSLol1g via @wordpressdotcom
1046697727579619300,"RT @CoinFLB: CVDs kill 1 Australia every 12 minutes !!! Join Farasha against CVDs !
#FLB #FLBCOIN #AI #Cryptocurrency #Revolution #CVD #Sma‚Ä¶"
1046697782084546600,Flb has good potential I think
1046697819547951100,"RT @TrendsSingapore: #kissesabscbnballfanfave is now trending in #Singapore

https://t.co/cMK01a9GSo https://t.co/on7dm2R42q"
1046697839252967400,"RT @CoinFLB: CVDs kill 1 Australia every 12 minutes !!! Join Farasha against CVDs !
#FLB #FLBCOIN #AI #Cryptocurrency #Revolution #CVD #Sma‚Ä¶"
1046697898463834100,#tropicalgothic #Singapore #chapel #chijmes #gothic #architecture
1046697939698102300,"@minimobcom expects you at @affiliatesummit 

Find us in Marina Bay Sands and let's chat!

#affiliatesummit #singapore #letsmeet #andtalk #conf #summit #mobileads #mobilemarketing #affiliates #AffiliateMarketing #performancemarketing https://t.co/6IANJJm60x"
1046697945326710800,"RT @TrendsSingapore: #kissesabscbnballfanfave is now trending in #Singapore

https://t.co/cMK01a9GSo https://t.co/on7dm2R42q"
1046697954604535800,RT @Traveling4Miles: Chijmes Singapore at dusk - built in the 1850‚Äôs this convent and school complex fell into disrepair and was restored i‚Ä¶
1046697968089337900,"Great Project, Pokoe josssssss"
1046698024871682000,"RT @CoinFLB: CVDs kill 1 Australia every 12 minutes !!! Join Farasha against CVDs !
#FLB #FLBCOIN #AI #Cryptocurrency #Revolution #CVD #Sma‚Ä¶"
1046698139594321900,"RT @CoinFLB: CVDs kill 1 Australia every 12 minutes !!! Join Farasha against CVDs !
#FLB #FLBCOIN #AI #Cryptocurrency #Revolution #CVD #Sma‚Ä¶"
1046698143495204900,"RT @CoinFLB: CVDs kill 1 Australia every 12 minutes !!! Join Farasha against CVDs !
#FLB #FLBCOIN #AI #Cryptocurrency #Revolution #CVD #Sma‚Ä¶"
1046698177930252300,"RT @CoinFLB: CVDs kill 1 Australia every 12 minutes !!! Join Farasha against CVDs !
#FLB #FLBCOIN #AI #Cryptocurrency #Revolution #CVD #Sma‚Ä¶"
1046698212222996500,"RT @LifeOnAutoPilot: Things to do and see in #Chinatown, #Singapore - Enjoy delicious food, visit stunning temples and find fantastic shopp‚Ä¶"
1046698239951421400,"RT @CoinFLB: CVDs kill 1 Australia every 12 minutes !!! Join Farasha against CVDs !
#FLB #FLBCOIN #AI #Cryptocurrency #Revolution #CVD #Sma‚Ä¶"
1046698250059878400,"RT @CoinFLB: CVDs kill 1 Australia every 12 minutes !!! Join Farasha against CVDs !
#FLB #FLBCOIN #AI #Cryptocurrency #Revolution #CVD #Sma‚Ä¶"
1046698283643490300,"RT @CoinFLB: CVDs kill 1 Australia every 12 minutes !!! Join Farasha against CVDs !
#FLB #FLBCOIN #AI #Cryptocurrency #Revolution #CVD #Sma‚Ä¶"
1046698326916309000,"RT @CoinFLB: CVDs kill 1 Australia every 12 minutes !!! Join Farasha against CVDs !
#FLB #FLBCOIN #AI #Cryptocurrency #Revolution #CVD #Sma‚Ä¶"
1046698359438770200,"RT @CoinFLB: CVDs kill 1 Australia every 12 minutes !!! Join Farasha against CVDs !
#FLB #FLBCOIN #AI #Cryptocurrency #Revolution #CVD #Sma‚Ä¶"
1046698379210682400,"RT @CoinFLB: CVDs kill 1 Australia every 12 minutes !!! Join Farasha against CVDs !
#FLB #FLBCOIN #AI #Cryptocurrency #Revolution #CVD #Sma‚Ä¶"
1046698418536689700,"RT @CoinFLB: CVDs kill 1 Australia every 12 minutes !!! Join Farasha against CVDs !
#FLB #FLBCOIN #AI #Cryptocurrency #Revolution #CVD #Sma‚Ä¶"
1046698535515754500,#autoblock #ICO #TheAutoBlockICO
1046698580432564200,"RT @TrendsSingapore: #kissesabscbnballfanfave is now trending in #Singapore

https://t.co/cMK01a9GSo https://t.co/on7dm2R42q"
1046698620471337000,"RT @CoinFLB: CVDs kill 1 Australia every 12 minutes !!! Join Farasha against CVDs !
#FLB #FLBCOIN #AI #Cryptocurrency #Revolution #CVD #Sma‚Ä¶"
1046698621503262700,"RT @CoinFLB: CVDs kill 1 Australia every 12 minutes !!! Join Farasha against CVDs !
#FLB #FLBCOIN #AI #Cryptocurrency #Revolution #CVD #Sma‚Ä¶"
1046698630290247700,"RT @CoinFLB: CVDs kill 1 Australia every 12 minutes !!! Join Farasha against CVDs !
#FLB #FLBCOIN #AI #Cryptocurrency #Revolution #CVD #Sma‚Ä¶"
1046698667229532200,It‚Äôs too short to say goodbye #Singapore #trip #longweekend @ Qantas International Business Lounge - Sydney https://t.co/YZJw6TgwdR
1046698701945626600,FLB COIN @CoinFLB
1046698732610175000,"RT @CoinFLB: CVDs kill 1 Australia every 12 minutes !!! Join Farasha against CVDs !
#FLB #FLBCOIN #AI #Cryptocurrency #Revolution #CVD #Sma‚Ä¶"
1046698751392276500,nuon doi
1046698761030905900,"RT @CoinFLB: CVDs kill 1 Australia every 12 minutes !!! Join Farasha against CVDs !
#FLB #FLBCOIN #AI #Cryptocurrency #Revolution #CVD #Sma‚Ä¶"
1046698761534095400,"RT @CoinFLB: CVDs kill 1 Australia every 12 minutes !!! Join Farasha against CVDs !
#FLB #FLBCOIN #AI #Cryptocurrency #Revolution #CVD #Sma‚Ä¶"
1046698780681228300,#autoblock #ICO #TheAutoBlockICO
1046698783847985200,The #bridge connecting the two sides of the #river at #Singapore #Zoo #travel #sgig @ Singapore Zoo &amp; River Safari https://t.co/p7bYwoPaVX
1046698793960435700,"RT @CoinFLB: CVDs kill 1 Australia every 12 minutes !!! Join Farasha against CVDs !
#FLB #FLBCOIN #AI #Cryptocurrency #Revolution #CVD #Sma‚Ä¶"
1046698917256200200,"RT @CoinFLB: CVDs kill 1 Australia every 12 minutes !!! Join Farasha against CVDs !
#FLB #FLBCOIN #AI #Cryptocurrency #Revolution #CVD #Sma‚Ä¶"
1046698922754760700,"RT @CoinFLB: CVDs kill 1 Australia every 12 minutes !!! Join Farasha against CVDs !
#FLB #FLBCOIN #AI #Cryptocurrency #Revolution #CVD #Sma‚Ä¶"
1046699022612717600,"RT @CoinFLB: CVDs kill 1 Australia every 12 minutes !!! Join Farasha against CVDs !
#FLB #FLBCOIN #AI #Cryptocurrency #Revolution #CVD #Sma‚Ä¶"
1046699093953667100,"RT @CoinFLB: CVDs kill 1 Australia every 12 minutes !!! Join Farasha against CVDs !
#FLB #FLBCOIN #AI #Cryptocurrency #Revolution #CVD #Sma‚Ä¶"
1046699108704997400,"RT @CoinFLB: CVDs kill 1 Australia every 12 minutes !!! Join Farasha against CVDs !
#FLB #FLBCOIN #AI #Cryptocurrency #Revolution #CVD #Sma‚Ä¶"
1046699112941453300,#autoblock #ICO #TheAutoBlockICO
1046699113507631100,"#ikongoodbyeroad is now trending in #Singapore

https://t.co/euhzhET7iN https://t.co/1L2bd43ggs"
1046699151294124000,good
1046699219845861400,ok
1046699275885969400,oh
1046699332198649900,he
1046699376117248000,ok
1046699378021478400,#autoblock #ICO #TheAutoBlockICO
1046699428709425200,RT @bitfree_com: Asset Management Seminar in Singapore Since the Fourth Industrial Revolution has just begun it is the era of diversified i‚Ä¶
1046699531587522600,"RT @CoinFLB: CVDs kill 1 Australia every 12 minutes !!! Join Farasha against CVDs !
#FLB #FLBCOIN #AI #Cryptocurrency #Revolution #CVD #Sma‚Ä¶"
1046699533504319500,"RT @CoinFLB: CVDs kill 1 Australia every 12 minutes !!! Join Farasha against CVDs !
#FLB #FLBCOIN #AI #Cryptocurrency #Revolution #CVD #Sma‚Ä¶"
1046699687779160000,"RT @CoinFLB: CVDs kill 1 Australia every 12 minutes !!! Join Farasha against CVDs !
#FLB #FLBCOIN #AI #Cryptocurrency #Revolution #CVD #Sma‚Ä¶"
1046699760391004200,"RT @IATA: Congratulations to #Singapore for becoming the 15th Party to ratify #MP14, ensuring we have a stronger international deterrent ag‚Ä¶"
1046699783891628000,"RT @CoinFLB: CVDs kill 1 Australia every 12 minutes !!! Join Farasha against CVDs !
#FLB #FLBCOIN #AI #Cryptocurrency #Revolution #CVD #Sma‚Ä¶"
1046699854154489900,"RT @CoinFLB: CVDs kill 1 Australia every 12 minutes !!! Join Farasha against CVDs !
#FLB #FLBCOIN #AI #Cryptocurrency #Revolution #CVD #Sma‚Ä¶"
1046699853751947300,RT @ZephyrKhambatta: Excellent truths by @kevinolearytv #singer #songwriter #pop #hiphop #business #musicproducer #drummer #marketing #fina‚Ä¶
1046699898031280100,"RT @CoinFLB: CVDs kill 1 Australia every 12 minutes !!! Join Farasha against CVDs !
#FLB #FLBCOIN #AI #Cryptocurrency #Revolution #CVD #Sma‚Ä¶"
1046699915747835900,FLB COIN @CoinFLB
1046699916544929800,"RT @CoinFLB: CVDs kill 1 Australia every 12 minutes !!! Join Farasha against CVDs !
#FLB #FLBCOIN #AI #Cryptocurrency #Revolution #CVD #Sma‚Ä¶"
1046699955602116600,"RT @CoinFLB: CVDs kill 1 Australia every 12 minutes !!! Join Farasha against CVDs !
#FLB #FLBCOIN #AI #Cryptocurrency #Revolution #CVD #Sma‚Ä¶"
1046699973881077800,This is great
1046700044009787400,"RT @RosarioGiuliana: Ecco le novit√† di questi ultimi due GP, #Sochi e #Singapore, di #Mercedes per far lavorare al meglio freni, gomme, e a‚Ä¶"
1046700083474047000,"RT @WM_ONOFF: [#Ï†úÏù¥Ïñ¥Ïä§] 
Ïò§ÎûúÎßåÏóê light‚Äôs On Î¨¥ÎåÄÎèÑ ÌïòÍ≥† Ï¶êÍ±∞Ïõ†Ïñ¥Ïöî ~~~‚Ä¢_‚Ä¢/‚ù§Ô∏è
#Singapore #Hanllyu_Pop #opening https://t.co/R3p2TVH5ao"
1046700148204736500,"RT @CoinFLB: CVDs kill 1 Australia every 12 minutes !!! Join Farasha against CVDs !
#FLB #FLBCOIN #AI #Cryptocurrency #Revolution #CVD #Sma‚Ä¶"
